PT1,0,55,3,0,-1,0,-1,-1
PT2,350.746,0,3,0,-1,0,-1,-1
PT3,1540,0,3,0,-1,0,-1,-1
granite1,-60,-60,0,0,0,1,-1,-1
granite2,480,50,0,0,0,1,-1,-1
granite3,1060,50,0,0,0,1,-1,-1
granite4,1700,110,0,0,0,1,-1,-1
granite5,60,800,0,0,0,1,-1,-1
granite6,740,780,0,0,0,1,-1,-1
granite7,1170,530,0,0,0,1,-1,-1
outline63,350.746,0,3,0,-1,0,-1,-1
outline64,379.16,0,3,0,-1,0,-1,-1
outline70,607.277,0,3,0,-1,0,-1,-1
outline71,640.19,0,3,0,-1,0,-1,-1
outline78,895.295,0,3,0,-1,0,-1,-1
outline79,929.524,0,3,0,-1,0,-1,-1
outline86,1186.472,0,3,0,-1,0,-1,-1
outline87,1225.967,0,3,0,-1,0,-1,-1
outline94,1480.77,0,3,0,-1,0,-1,-1
outline69,583.734,0.001,3,0,-1,0,-1,-1
outline72,669.522,0.002,3,0,-1,0,-1,-1
outline77,874.095,0.003,3,0,-1,0,-1,-1
outline80,959.882,0.003,3,0,-1,0,-1,-1
outline85,1164.456,0.004,3,0,-1,0,-1,-1
outline88,1250.244,0.004,3,0,-1,0,-1,-1
outline93,1454.817,0.005,3,0,-1,0,-1,-1
outline229,383.785,1.516,3,0.500003871,-0.866023169,0,-1,-1
outline240,579.109,1.516,3,-0.499996129,-0.866027639,0,-1,-1
outline231,674.147,1.517,3,0.500003871,-0.866023169,0,-1,-1
outline242,869.47,1.518,3,-0.499996129,-0.866027639,0,-1,-1
outline233,964.507,1.518,3,0.500003871,-0.866023169,0,-1,-1
outline244,1159.831,1.519,3,-0.499996129,-0.866027639,0,-1,-1
outline236,1254.869,1.52,3,0.500003871,-0.866023169,0,-1,-1
outline246,1450.192,1.52,3,-0.499996129,-0.866027639,0,-1,-1
flatness293,307.409,5.335,6.35,0,0,1,-1,-1
flatness260,357.409,5.335,6.35,0,0,1,-1,-1
outline101,387.41,4.763,3,0.866027639,-0.499996129,0,-1,-1
outline124,575.484,4.764,3,-0.866025408,-0.499999993,0,-1,-1
flatness156,607.409,5.335,6.35,0,0,1,-1,-1
flatness163,657.409,5.335,6.35,0,0,1,-1,-1
outline105,677.771,4.764,3,0.866027639,-0.499996129,0,-1,-1
outline128,865.846,4.765,3,-0.866025408,-0.499999993,0,-1,-1
flatness154,907.409,5.335,6.35,0,0,1,-1,-1
flatness199,957.409,5.335,6.35,0,0,1,-1,-1
outline109,968.132,4.766,3,0.866027639,-0.499996129,0,-1,-1
outline132,1156.206,4.767,3,-0.866025408,-0.499999993,0,-1,-1
flatness389,1157.409,5.335,6.35,0,0,1,-1,-1
flatness348,1207.409,5.335,6.35,0,0,1,-1,-1
flatness375,1257.409,5.335,6.35,0,0,1,-1,-1
outline113,1258.493,4.767,3,0.866027639,-0.499996129,0,-1,-1
outline136,1446.568,4.767,3,-0.866025408,-0.499999993,0,-1,-1
flatness338,1457.409,5.335,6.35,0,0,1,-1,-1
flatness360,1507.409,5.335,6.35,0,0,1,-1,-1
outline209,1551.774,4.3,3,-0.011252189,-0.999936692,0,-1,-1
flatness330,1557.409,5.335,6.35,0,0,1,-1,-1
outline210,1568.077,4.116,3,-0.011252189,-0.999936692,0,-1,-1
outline211,1584.379,3.933,3,-0.011252189,-0.999936692,0,-1,-1
outline46,1588.452,7.864,3,0.999987746,-0.004950574,0,-1,-1
outline37,-0.091,42.335,3,-1,0,0,-1,-1
outline54,1.909,40.335,3,0,-1,0,-1,-1
outline55,35.507,40.335,3,0,-1,0,-1,-1
outline56,71.56,40.335,3,0,-1,0,-1,-1
outline52,92.497,36.526,3,-0.930108288,-0.367285409,0,-1,-1
outline53,106.981,25.717,3,-0.972301003,-0.233732238,0,-1,-1
outline97,109.26,25.912,3,0.866027639,-0.499996129,0,-1,-1
outline98,118.531,41.969,3,0.866027639,-0.499996129,0,-1,-1
outline119,273.075,25.631,3,-0.866025408,-0.499999993,0,-1,-1
M6Hole3,283.489,37.594,3,0,0,1,5,-1
outline102,399.347,25.438,3,0.866027639,-0.499996129,0,-1,-1
outline123,563.712,25.153,3,-0.866025408,-0.499999993,0,-1,-1
outline106,690.191,26.276,3,0.866027639,-0.499996129,0,-1,-1
outline127,851.449,29.701,3,-0.866025408,-0.499999993,0,-1,-1
M6Hole4,963.85,30.003,3,0,0,1,5,-1
outline110,980.486,26.163,3,0.866027639,-0.499996129,0,-1,-1
outline131,1143.421,26.911,3,-0.866025408,-0.499999993,0,-1,-1
outline114,1271.295,26.94,3,0.866027639,-0.499996129,0,-1,-1
outline135,1432.921,28.405,3,-0.866025408,-0.499999993,0,-1,-1
M6Hole6,1466.926,30.005,3,0,0,1,5,-1
outline45,1590.036,32.646,3,0.999789297,-0.020527092,0,-1,-1
outline36,-0.091,70.62,3,-1,0,0,-1,-1
M3Hole4,7.409,70.335,3,0,0,1,2.5,-1
6mmPinHole2,7.409,55.335,3,0,0,1,6,-1
flatness240,57.409,55.335,6.35,0,0,1,-1,-1
flatness226,107.409,55.335,6.35,0,0,1,-1,-1
outline99,131.182,63.882,3,0.866027639,-0.499996129,0,-1,-1
outline118,253.766,59.075,3,-0.866025408,-0.499999993,0,-1,-1
flatness298,307.409,55.335,6.35,0,0,1,-1,-1
flatness271,357.409,55.335,6.35,0,0,1,-1,-1
flatness210,407.409,55.335,6.35,0,0,1,-1,-1
outline103,421.881,64.469,3,0.866027639,-0.499996129,0,-1,-1
outline122,544.404,58.597,3,-0.866025408,-0.499999993,0,-1,-1
flatness202,557.409,55.335,6.35,0,0,1,-1,-1
6p5mmPinHole2,565.015,62.897,3,0,0,1,6.5,-1
flatness295,607.409,55.335,6.35,0,0,1,-1,-1
flatness214,657.409,55.335,6.35,0,0,1,-1,-1
outline107,710.804,61.98,3,0.866027639,-0.499996129,0,-1,-1
outline126,834.563,58.948,3,-0.866025408,-0.499999993,0,-1,-1
flatness195,857.409,55.335,6.35,0,0,1,-1,-1
flatness182,907.409,55.335,6.35,0,0,1,-1,-1
flatness157,957.409,55.335,6.35,0,0,1,-1,-1
outline111,999.95,59.877,3,0.866027639,-0.499996129,0,-1,-1
outline130,1125.911,57.24,3,-0.866025408,-0.499999993,0,-1,-1
flatness384,1157.409,55.335,6.35,0,0,1,-1,-1
flatness324,1207.409,55.335,6.35,0,0,1,-1,-1
flatness370,1257.409,55.335,6.35,0,0,1,-1,-1
outline115,1289.616,58.674,3,0.866027639,-0.499996129,0,-1,-1
outline134,1416.663,56.564,3,-0.866025408,-0.499999993,0,-1,-1
flatness385,1457.409,55.335,6.35,0,0,1,-1,-1
flatness328,1507.409,55.335,6.35,0,0,1,-1,-1
flatness306,1557.409,55.335,6.35,0,0,1,-1,-1
outline44,1595.612,69.13,3,0.999062786,-0.043284526,0,-1,-1
outline100,139.765,78.748,3,0.866027639,-0.499996129,0,-1,-1
outline228,143.523,82.382,3,0.500003871,-0.866023169,0,-1,-1
outline57,148.549,83.819,3,0,-1,0,-1,-1
outline58,174.907,83.819,3,0,-1,0,-1,-1
outline59,211.769,83.819,3,0,-1,0,-1,-1
outline60,233.624,83.819,3,0,-1,0,-1,-1
outline237,238.649,82.382,3,-0.499996129,-0.866027639,0,-1,-1
outline117,242.407,78.748,3,-0.866025408,-0.499999993,0,-1,-1
outline104,430.126,78.749,3,0.866027639,-0.499996129,0,-1,-1
outline230,433.883,82.383,3,0.500003871,-0.866023169,0,-1,-1
outline65,438.909,83.82,3,0,-1,0,-1,-1
outline66,460.614,84.145,3,0,-1,0,-1,-1
outline67,493.307,83.821,3,0,-1,0,-1,-1
outline68,523.984,83.821,3,0,-1,0,-1,-1
outline239,529.01,82.383,3,-0.499996129,-0.866027639,0,-1,-1
outline121,532.769,78.749,3,-0.866025408,-0.499999993,0,-1,-1
outline108,720.487,78.75,3,0.866027639,-0.499996129,0,-1,-1
outline232,724.245,82.384,3,0.500003871,-0.866023169,0,-1,-1
outline73,729.271,83.822,3,0,-1,0,-1,-1
outline74,754.167,83.822,3,0,-1,0,-1,-1
outline75,785.763,83.822,3,0,-1,0,-1,-1
outline76,814.346,83.822,3,0,-1,0,-1,-1
outline241,819.371,82.384,3,-0.499996129,-0.866027639,0,-1,-1
outline125,823.129,78.751,3,-0.866025408,-0.499999993,0,-1,-1
outline112,1010.848,78.752,3,0.866027639,-0.499996129,0,-1,-1
outline234,1014.605,82.385,3,0.500003871,-0.866023169,0,-1,-1
outline81,1019.631,83.823,3,0,-1,0,-1,-1
outline82,1041.689,83.823,3,0,-1,0,-1,-1
outline83,1078.551,83.823,3,0,-1,0,-1,-1
outline84,1104.706,83.824,3,0,-1,0,-1,-1
outline243,1109.732,82.386,3,-0.499996129,-0.866027639,0,-1,-1
outline129,1113.491,78.752,3,-0.866025408,-0.499999993,0,-1,-1
outline116,1301.209,78.753,3,0.866027639,-0.499996129,0,-1,-1
outline235,1304.967,82.387,3,0.500003871,-0.866023169,0,-1,-1
outline89,1309.993,83.825,3,0,-1,0,-1,-1
outline90,1331.945,83.825,3,0,-1,0,-1,-1
outline91,1373.414,83.825,3,0,-1,0,-1,-1
outline92,1395.068,83.825,3,0,-1,0,-1,-1
outline245,1400.093,82.387,3,-0.499996129,-0.866027639,0,-1,-1
outline133,1403.851,78.753,3,-0.866025408,-0.499999993,0,-1,-1
outline35,-0.091,102.434,3,-1,0,0,-1,-1
flatness285,7.409,105.335,6.35,0,0,1,-1,-1
flatness183,57.409,105.335,6.35,0,0,1,-1,-1
flatness169,107.409,105.335,6.35,0,0,1,-1,-1
flatness190,157.409,105.335,6.35,0,0,1,-1,-1
flatness181,207.409,105.335,6.35,0,0,1,-1,-1
flatness159,257.409,105.335,6.35,0,0,1,-1,-1
flatness245,307.409,105.335,6.35,0,0,1,-1,-1
flatness278,357.409,105.335,6.35,0,0,1,-1,-1
flatness299,407.409,105.335,6.35,0,0,1,-1,-1
flatness206,457.409,105.335,6.35,0,0,1,-1,-1
flatness267,507.409,105.335,6.35,0,0,1,-1,-1
flatness149,557.409,105.335,6.35,0,0,1,-1,-1
flatness243,607.409,105.335,6.35,0,0,1,-1,-1
flatness280,657.409,105.335,6.35,0,0,1,-1,-1
flatness176,707.409,105.335,6.35,0,0,1,-1,-1
flatness164,757.409,105.335,6.35,0,0,1,-1,-1
flatness173,807.409,105.335,6.35,0,0,1,-1,-1
flatness294,857.409,105.335,6.35,0,0,1,-1,-1
flatness151,907.409,105.335,6.35,0,0,1,-1,-1
flatness251,957.409,105.335,6.35,0,0,1,-1,-1
flatness307,1007.409,105.335,6.35,0,0,1,-1,-1
flatness316,1057.409,105.335,6.35,0,0,1,-1,-1
flatness357,1107.409,105.335,6.35,0,0,1,-1,-1
flatness304,1157.409,105.335,6.35,0,0,1,-1,-1
flatness380,1207.409,105.335,6.35,0,0,1,-1,-1
flatness321,1257.409,105.335,6.35,0,0,1,-1,-1
flatness355,1307.409,105.335,6.35,0,0,1,-1,-1
flatness323,1357.409,105.335,6.35,0,0,1,-1,-1
flatness377,1407.409,105.335,6.35,0,0,1,-1,-1
flatness337,1457.409,105.335,6.35,0,0,1,-1,-1
flatness344,1507.409,105.335,6.35,0,0,1,-1,-1
flatness362,1557.409,105.335,6.35,0,0,1,-1,-1
outline43,1607.093,111.227,3,0.997613567,-0.069044697,0,-1,-1
outline42,1617.528,138.174,3,0.996371316,-0.085112868,0,-1,-1
outline33,-0.091,165.388,3,-1,0,0,-1,-1
outline32,0.287,169.705,3,-0.984808529,0.173643776,0,-1,-1
flatness232,7.409,155.335,6.35,0,0,1,-1,-1
flatness282,57.409,155.335,6.35,0,0,1,-1,-1
flatness268,107.409,155.335,6.35,0,0,1,-1,-1
flatness223,157.409,155.335,6.35,0,0,1,-1,-1
flatness279,207.409,155.335,6.35,0,0,1,-1,-1
flatness230,257.409,155.335,6.35,0,0,1,-1,-1
flatness187,307.409,155.335,6.35,0,0,1,-1,-1
flatness225,357.409,155.335,6.35,0,0,1,-1,-1
flatness246,407.409,155.335,6.35,0,0,1,-1,-1
flatness200,457.409,155.335,6.35,0,0,1,-1,-1
flatness205,507.409,155.335,6.35,0,0,1,-1,-1
flatness247,557.409,155.335,6.35,0,0,1,-1,-1
flatness216,607.409,155.335,6.35,0,0,1,-1,-1
flatness220,657.409,155.335,6.35,0,0,1,-1,-1
flatness276,707.409,155.335,6.35,0,0,1,-1,-1
flatness185,757.409,155.335,6.35,0,0,1,-1,-1
flatness270,807.409,155.335,6.35,0,0,1,-1,-1
flatness242,857.409,155.335,6.35,0,0,1,-1,-1
flatness218,907.409,155.335,6.35,0,0,1,-1,-1
flatness227,957.409,155.335,6.35,0,0,1,-1,-1
flatness332,1007.409,155.335,6.35,0,0,1,-1,-1
flatness339,1057.409,155.335,6.35,0,0,1,-1,-1
flatness369,1107.409,155.335,6.35,0,0,1,-1,-1
flatness379,1157.409,155.335,6.35,0,0,1,-1,-1
flatness320,1207.409,155.335,6.35,0,0,1,-1,-1
flatness345,1257.409,155.335,6.35,0,0,1,-1,-1
flatness313,1307.409,155.335,6.35,0,0,1,-1,-1
flatness347,1357.409,155.335,6.35,0,0,1,-1,-1
flatness317,1407.409,155.335,6.35,0,0,1,-1,-1
flatness346,1457.409,155.335,6.35,0,0,1,-1,-1
flatness372,1507.409,155.335,6.35,0,0,1,-1,-1
flatness390,1557.409,155.335,6.35,0,0,1,-1,-1
flatness301,1607.409,155.335,6.35,0,0,1,-1,-1
outline41,1629.664,163.283,3,0.995018019,-0.099695246,0,-1,-1
outline31,8.002,213.463,3,-0.984808529,0.173643776,0,-1,-1
flatness231,57.409,205.335,6.35,0,0,1,-1,-1
flatness209,107.409,205.335,6.35,0,0,1,-1,-1
flatness290,157.409,205.335,6.35,0,0,1,-1,-1
flatness228,207.409,205.335,6.35,0,0,1,-1,-1
flatness254,257.409,205.335,6.35,0,0,1,-1,-1
flatness287,307.409,205.335,6.35,0,0,1,-1,-1
flatness168,357.409,205.335,6.35,0,0,1,-1,-1
flatness188,407.409,205.335,6.35,0,0,1,-1,-1
flatness222,457.409,205.335,6.35,0,0,1,-1,-1
flatness257,507.409,205.335,6.35,0,0,1,-1,-1
flatness192,557.409,205.335,6.35,0,0,1,-1,-1
flatness286,607.409,205.335,6.35,0,0,1,-1,-1
flatness292,657.409,205.335,6.35,0,0,1,-1,-1
flatness221,707.409,205.335,6.35,0,0,1,-1,-1
flatness186,757.409,205.335,6.35,0,0,1,-1,-1
flatness215,807.409,205.335,6.35,0,0,1,-1,-1
flatness180,857.409,205.335,6.35,0,0,1,-1,-1
flatness283,907.409,205.335,6.35,0,0,1,-1,-1
flatness300,957.409,205.335,6.35,0,0,1,-1,-1
flatness356,1007.409,205.335,6.35,0,0,1,-1,-1
flatness365,1057.409,205.335,6.35,0,0,1,-1,-1
flatness374,1107.409,205.335,6.35,0,0,1,-1,-1
flatness387,1157.409,205.335,6.35,0,0,1,-1,-1
flatness342,1207.409,205.335,6.35,0,0,1,-1,-1
flatness371,1257.409,205.335,6.35,0,0,1,-1,-1
flatness335,1307.409,205.335,6.35,0,0,1,-1,-1
flatness354,1357.409,205.335,6.35,0,0,1,-1,-1
flatness340,1407.409,205.335,6.35,0,0,1,-1,-1
flatness373,1457.409,205.335,6.35,0,0,1,-1,-1
flatness353,1507.409,205.335,6.35,0,0,1,-1,-1
flatness310,1557.409,205.335,6.35,0,0,1,-1,-1
flatness326,1607.409,205.335,6.35,0,0,1,-1,-1
outline40,1647.323,192.82,3,0.993219218,-0.116256545,0,-1,-1
outline30,14.119,248.153,3,-0.984808529,0.173643776,0,-1,-1
flatness171,57.409,255.335,6.35,0,0,1,-1,-1
flatness158,107.409,255.335,6.35,0,0,1,-1,-1
flatness237,157.409,255.335,6.35,0,0,1,-1,-1
flatness170,207.409,255.335,6.35,0,0,1,-1,-1
flatness296,257.409,255.335,6.35,0,0,1,-1,-1
flatness234,307.409,255.335,6.35,0,0,1,-1,-1
flatness265,357.409,255.335,6.35,0,0,1,-1,-1
flatness288,407.409,255.335,6.35,0,0,1,-1,-1
flatness167,457.409,255.335,6.35,0,0,1,-1,-1
flatness172,507.409,255.335,6.35,0,0,1,-1,-1
flatness291,557.409,255.335,6.35,0,0,1,-1,-1
flatness261,607.409,255.335,6.35,0,0,1,-1,-1
flatness239,657.409,255.335,6.35,0,0,1,-1,-1
flatness166,707.409,255.335,6.35,0,0,1,-1,-1
flatness256,757.409,255.335,6.35,0,0,1,-1,-1
flatness161,807.409,255.335,6.35,0,0,1,-1,-1
flatness212,857.409,255.335,6.35,0,0,1,-1,-1
flatness155,907.409,255.335,6.35,0,0,1,-1,-1
flatness217,957.409,255.335,6.35,0,0,1,-1,-1
flatness349,1007.409,255.335,6.35,0,0,1,-1,-1
flatness303,1057.409,255.335,6.35,0,0,1,-1,-1
flatness312,1107.409,255.335,6.35,0,0,1,-1,-1
flatness314,1157.409,255.335,6.35,0,0,1,-1,-1
flatness364,1207.409,255.335,6.35,0,0,1,-1,-1
flatness305,1257.409,255.335,6.35,0,0,1,-1,-1
flatness363,1307.409,255.335,6.35,0,0,1,-1,-1
flatness352,1357.409,255.335,6.35,0,0,1,-1,-1
flatness366,1407.409,255.335,6.35,0,0,1,-1,-1
flatness309,1457.409,255.335,6.35,0,0,1,-1,-1
flatness378,1507.409,255.335,6.35,0,0,1,-1,-1
flatness311,1557.409,255.335,6.35,0,0,1,-1,-1
outline207,1580.643,275.46,3,0.866025408,0.499999993,0,-1,-1
outline208,1591.568,256.537,3,0.866025408,0.499999993,0,-1,-1
outline227,1595.327,252.903,3,0.499996129,0.866027639,0,-1,-1
outline173,1600.353,251.465,3,0,1,0,-1,-1
outline174,1627.76,251.465,3,0,1,0,-1,-1
outline175,1664.873,251.466,3,0,1,0,-1,-1
outline39,1669.144,222.14,3,0.991259998,-0.13192277,0,-1,-1
outline176,1688.129,251.466,3,0,1,0,-1,-1
outline38,1690.615,245.785,3,0.989596697,-0.143869305,0,-1,-1
outline29,21.209,288.367,3,-0.984808529,0.173643776,0,-1,-1
flatness269,57.409,305.335,6.35,0,0,1,-1,-1
flatness165,107.409,305.335,6.35,0,0,1,-1,-1
flatness178,157.409,305.335,6.35,0,0,1,-1,-1
flatness284,207.409,305.335,6.35,0,0,1,-1,-1
flatness266,257.409,305.335,6.35,0,0,1,-1,-1
flatness174,307.409,305.335,6.35,0,0,1,-1,-1
flatness201,357.409,305.335,6.35,0,0,1,-1,-1
flatness235,407.409,305.335,6.35,0,0,1,-1,-1
flatness264,457.409,305.335,6.35,0,0,1,-1,-1
flatness241,507.409,305.335,6.35,0,0,1,-1,-1
flatness238,557.409,305.335,6.35,0,0,1,-1,-1
flatness250,607.409,305.335,6.35,0,0,1,-1,-1
flatness193,657.409,305.335,6.35,0,0,1,-1,-1
flatness262,707.409,305.335,6.35,0,0,1,-1,-1
flatness259,757.409,305.335,6.35,0,0,1,-1,-1
flatness255,807.409,305.335,6.35,0,0,1,-1,-1
flatness249,857.409,305.335,6.35,0,0,1,-1,-1
flatness197,907.409,305.335,6.35,0,0,1,-1,-1
flatness258,957.409,305.335,6.35,0,0,1,-1,-1
flatness334,1007.409,305.335,6.35,0,0,1,-1,-1
flatness327,1057.409,305.335,6.35,0,0,1,-1,-1
flatness391,1107.409,305.335,6.35,0,0,1,-1,-1
flatness376,1157.409,305.335,6.35,0,0,1,-1,-1
flatness386,1207.409,305.335,6.35,0,0,1,-1,-1
flatness329,1257.409,305.335,6.35,0,0,1,-1,-1
flatness392,1307.409,305.335,6.35,0,0,1,-1,-1
flatness359,1357.409,305.335,6.35,0,0,1,-1,-1
flatness302,1407.409,305.335,6.35,0,0,1,-1,-1
flatness333,1457.409,305.335,6.35,0,0,1,-1,-1
flatness318,1507.409,305.335,6.35,0,0,1,-1,-1
M6Hole5,1536.913,291.203,3,0,0,1,5,-1
flatness350,1557.409,305.335,6.35,0,0,1,-1,-1
outline206,1562.764,306.427,3,0.866025408,0.499999993,0,-1,-1
outline28,27.887,326.238,3,-0.984808529,0.173643776,0,-1,-1
flatness213,57.409,355.335,6.35,0,0,1,-1,-1
flatness253,107.409,355.335,6.35,0,0,1,-1,-1
flatness277,157.409,355.335,6.35,0,0,1,-1,-1
flatness211,207.409,355.335,6.35,0,0,1,-1,-1
flatness198,257.409,355.335,6.35,0,0,1,-1,-1
flatness274,307.409,355.335,6.35,0,0,1,-1,-1
flatness252,357.409,355.335,6.35,0,0,1,-1,-1
flatness175,407.409,355.335,6.35,0,0,1,-1,-1
flatness208,457.409,355.335,6.35,0,0,1,-1,-1
flatness184,507.409,355.335,6.35,0,0,1,-1,-1
flatness179,557.409,355.335,6.35,0,0,1,-1,-1
flatness273,607.409,355.335,6.35,0,0,1,-1,-1
flatness281,657.409,355.335,6.35,0,0,1,-1,-1
flatness207,707.409,355.335,6.35,0,0,1,-1,-1
flatness204,757.409,355.335,6.35,0,0,1,-1,-1
flatness203,807.409,355.335,6.35,0,0,1,-1,-1
flatness263,857.409,355.335,6.35,0,0,1,-1,-1
flatness244,907.409,355.335,6.35,0,0,1,-1,-1
flatness152,957.409,355.335,6.35,0,0,1,-1,-1
flatness341,1007.409,355.335,6.35,0,0,1,-1,-1
flatness308,1057.409,355.335,6.35,0,0,1,-1,-1
flatness361,1107.409,355.335,6.35,0,0,1,-1,-1
flatness315,1157.409,355.335,6.35,0,0,1,-1,-1
flatness319,1207.409,355.335,6.35,0,0,1,-1,-1
flatness331,1257.409,355.335,6.35,0,0,1,-1,-1
flatness325,1307.409,355.335,6.35,0,0,1,-1,-1
flatness382,1357.409,355.335,6.35,0,0,1,-1,-1
flatness343,1407.409,355.335,6.35,0,0,1,-1,-1
outline48,1413.352,338.825,3,0.972446578,0.233125831,0,-1,-1
outline47,1413.769,348.406,3,0.970950844,-0.239279041,0,-1,-1
outline168,1426.01,335.284,3,0,1,0,-1,-1
outline204,1437.288,356.116,3,0.866025408,0.499999993,0,-1,-1
outline169,1451.964,335.284,3,0,1,0,-1,-1
outline170,1483.352,335.285,3,0,1,0,-1,-1
outline171,1511.469,335.285,3,0,1,0,-1,-1
outline172,1540.603,335.285,3,0,1,0,-1,-1
outline226,1545.228,333.77,3,0.499996129,0.866027639,0,-1,-1
outline205,1548.853,330.522,3,0.866025408,0.499999993,0,-1,-1
outline27,35.553,369.716,3,-0.984808529,0.173643776,0,-1,-1
outline26,41.756,404.895,3,-0.984808529,0.173643776,0,-1,-1
flatness160,57.409,405.335,6.35,0,0,1,-1,-1
flatness162,107.409,405.335,6.35,0,0,1,-1,-1
flatness224,157.409,405.335,6.35,0,0,1,-1,-1
flatness297,207.409,405.335,6.35,0,0,1,-1,-1
flatness191,257.409,405.335,6.35,0,0,1,-1,-1
flatness219,307.409,405.335,6.35,0,0,1,-1,-1
flatness194,357.409,405.335,6.35,0,0,1,-1,-1
flatness275,407.409,405.335,6.35,0,0,1,-1,-1
flatness272,457.409,405.335,6.35,0,0,1,-1,-1
flatness189,507.409,405.335,6.35,0,0,1,-1,-1
flatness289,557.409,405.335,6.35,0,0,1,-1,-1
flatness248,607.409,405.335,6.35,0,0,1,-1,-1
flatness229,657.409,405.335,6.35,0,0,1,-1,-1
flatness233,707.409,405.335,6.35,0,0,1,-1,-1
flatness153,757.409,405.335,6.35,0,0,1,-1,-1
flatness150,807.409,405.335,6.35,0,0,1,-1,-1
flatness177,857.409,405.335,6.35,0,0,1,-1,-1
flatness236,907.409,405.335,6.35,0,0,1,-1,-1
flatness196,957.409,405.335,6.35,0,0,1,-1,-1
flatness367,1007.409,405.335,6.35,0,0,1,-1,-1
flatness381,1057.409,405.335,6.35,0,0,1,-1,-1
flatness388,1107.409,405.335,6.35,0,0,1,-1,-1
flatness336,1157.409,405.335,6.35,0,0,1,-1,-1
flatness383,1207.409,405.335,6.35,0,0,1,-1,-1
flatness358,1257.409,405.335,6.35,0,0,1,-1,-1
flatness351,1307.409,405.335,6.35,0,0,1,-1,-1
flatness322,1357.409,405.335,6.35,0,0,1,-1,-1
flatness368,1407.409,405.335,6.35,0,0,1,-1,-1
outline202,1415.528,393.805,3,0.866025408,0.499999993,0,-1,-1
outline203,1427.791,372.565,3,0.866025408,0.499999993,0,-1,-1
outline200,1301.206,424.176,3,0.866025408,0.499999993,0,-1,-1
outline224,1304.965,420.542,3,0.499996129,0.866027639,0,-1,-1
outline164,1309.991,419.104,3,0,1,0,-1,-1
outline165,1338.11,419.104,3,0,1,0,-1,-1
outline166,1367.731,419.104,3,0,1,0,-1,-1
outline167,1395.422,419.105,3,0,1,0,-1,-1
outline225,1400.047,417.589,3,0.499996129,0.866027639,0,-1,-1
outline201,1403.672,414.341,3,0.866025408,0.499999993,0,-1,-1
outline25,48.579,443.595,3,-0.984808529,0.173643776,0,-1,-1
flatness102,57.409,455.335,6.35,0,0,1,-1,-1
flatness76,107.409,455.335,6.35,0,0,1,-1,-1
flatness21,157.409,455.335,6.35,0,0,1,-1,-1
flatness29,207.409,455.335,6.35,0,0,1,-1,-1
flatness104,257.409,455.335,6.35,0,0,1,-1,-1
flatness17,307.409,455.335,6.35,0,0,1,-1,-1
flatness101,357.409,455.335,6.35,0,0,1,-1,-1
flatness69,407.409,455.335,6.35,0,0,1,-1,-1
flatness58,457.409,455.335,6.35,0,0,1,-1,-1
flatness75,507.409,455.335,6.35,0,0,1,-1,-1
flatness121,557.409,455.335,6.35,0,0,1,-1,-1
flatness44,607.409,455.335,6.35,0,0,1,-1,-1
flatness25,657.409,455.335,6.35,0,0,1,-1,-1
flatness7,707.409,455.335,6.35,0,0,1,-1,-1
flatness96,757.409,455.335,6.35,0,0,1,-1,-1
flatness95,807.409,455.335,6.35,0,0,1,-1,-1
flatness120,857.409,455.335,6.35,0,0,1,-1,-1
flatness87,907.409,455.335,6.35,0,0,1,-1,-1
flatness86,957.409,455.335,6.35,0,0,1,-1,-1
flatness138,1007.409,455.335,6.35,0,0,1,-1,-1
flatness139,1057.409,455.335,6.35,0,0,1,-1,-1
flatness147,1107.409,455.335,6.35,0,0,1,-1,-1
flatness143,1157.409,455.335,6.35,0,0,1,-1,-1
flatness142,1207.409,455.335,6.35,0,0,1,-1,-1
flatness144,1257.409,455.335,6.35,0,0,1,-1,-1
outline199,1289.244,444.895,3,0.866025408,0.499999993,0,-1,-1
outline24,55.487,482.771,3,-0.984808529,0.173643776,0,-1,-1
outline23,60.254,485.808,3,0.258814727,0.965926983,0,-1,-1
10mmPinHole2,63.314,469.976,3,0,0,1,10,-1
outline22,67.041,483.989,3,0.258814727,0.965926983,0,-1,-1
M3Hole3,70.732,478.342,3,0,0,1,2.5,-1
outline21,73.828,482.171,3,0.258814727,0.965926983,0,-1,-1
outline20,78.727,484.999,3,-0.965926983,0.258814727,0,-1,-1
outline198,1272.918,473.173,3,0.866025408,0.499999993,0,-1,-1
outline19,81.703,496.107,3,-0.965926983,0.258814727,0,-1,-1
outline18,84.68,507.215,3,-0.965926983,0.258814727,0,-1,-1
flatness27,107.409,505.335,6.35,0,0,1,-1,-1
flatness111,157.409,505.335,6.35,0,0,1,-1,-1
flatness30,207.409,505.335,6.35,0,0,1,-1,-1
flatness137,257.409,505.335,6.35,0,0,1,-1,-1
flatness11,307.409,505.335,6.35,0,0,1,-1,-1
flatness56,357.409,505.335,6.35,0,0,1,-1,-1
flatness19,407.409,505.335,6.35,0,0,1,-1,-1
flatness54,457.409,505.335,6.35,0,0,1,-1,-1
flatness26,507.409,505.335,6.35,0,0,1,-1,-1
flatness72,557.409,505.335,6.35,0,0,1,-1,-1
flatness131,607.409,505.335,6.35,0,0,1,-1,-1
flatness116,657.409,505.335,6.35,0,0,1,-1,-1
flatness28,707.409,505.335,6.35,0,0,1,-1,-1
flatness50,757.409,505.335,6.35,0,0,1,-1,-1
flatness9,807.409,505.335,6.35,0,0,1,-1,-1
flatness70,857.409,505.335,6.35,0,0,1,-1,-1
flatness97,907.409,505.335,6.35,0,0,1,-1,-1
flatness71,957.409,505.335,6.35,0,0,1,-1,-1
flatness141,1057.409,505.335,6.35,0,0,1,-1,-1
flatness148,1107.409,505.335,6.35,0,0,1,-1,-1
outline196,1156.025,507.995,3,0.866025408,0.499999993,0,-1,-1
outline222,1159.784,504.361,3,0.499996129,0.866027639,0,-1,-1
outline160,1164.81,502.923,3,0,1,0,-1,-1
outline161,1190.07,502.923,3,0,1,0,-1,-1
outline162,1227.143,502.924,3,0,1,0,-1,-1
outline163,1250.241,502.924,3,0,1,0,-1,-1
outline223,1254.866,501.408,3,0.499996129,0.866027639,0,-1,-1
outline197,1258.491,498.161,3,0.866025408,0.499999993,0,-1,-1
outline14,65.727,520.749,3,-0.93969415,0.342015943,0,-1,-1
outline15,68.337,515.736,3,-0.258814727,-0.965926983,0,-1,-1
outline16,75.094,513.925,3,-0.258814727,-0.965926983,0,-1,-1
10mmPinHole1,78.843,527.932,3,0,0,1,10,-1
M3Hole1,81.084,516.979,3,0,0,1,2.5,-1
outline17,81.851,512.114,3,-0.258814727,-0.965926983,0,-1,-1
outline195,1142.506,531.411,3,0.866025408,0.499999993,0,-1,-1
outline13,77.912,554.227,3,-0.93969415,0.342015943,0,-1,-1
flatness119,107.409,555.335,6.35,0,0,1,-1,-1
flatness61,157.409,555.335,6.35,0,0,1,-1,-1
flatness45,207.409,555.335,6.35,0,0,1,-1,-1
flatness18,257.409,555.335,6.35,0,0,1,-1,-1
flatness107,307.409,555.335,6.35,0,0,1,-1,-1
flatness4,357.409,555.335,6.35,0,0,1,-1,-1
flatness108,407.409,555.335,6.35,0,0,1,-1,-1
flatness115,457.409,555.335,6.35,0,0,1,-1,-1
flatness14,507.409,555.335,6.35,0,0,1,-1,-1
flatness114,557.409,555.335,6.35,0,0,1,-1,-1
flatness80,607.409,555.335,6.35,0,0,1,-1,-1
flatness64,657.409,555.335,6.35,0,0,1,-1,-1
flatness106,707.409,555.335,6.35,0,0,1,-1,-1
flatness2,757.409,555.335,6.35,0,0,1,-1,-1
flatness32,807.409,555.335,6.35,0,0,1,-1,-1
flatness20,857.409,555.335,6.35,0,0,1,-1,-1
flatness136,907.409,555.335,6.35,0,0,1,-1,-1
flatness127,957.409,555.335,6.35,0,0,1,-1,-1
flatness140,1007.409,555.335,6.35,0,0,1,-1,-1
flatness145,1057.409,555.335,6.35,0,0,1,-1,-1
M6Hole2,1104.988,556.743,3,0,0,1,5,-1
flatness146,1107.409,555.335,6.35,0,0,1,-1,-1
outline194,1127.538,557.336,3,0.866025408,0.499999993,0,-1,-1
outline220,1014.603,588.18,3,0.499996129,0.866027639,0,-1,-1
outline156,1019.629,586.742,3,0,1,0,-1,-1
outline157,1041.78,586.743,3,0,1,0,-1,-1
outline158,1076.482,586.743,3,0,1,0,-1,-1
outline159,1105.06,586.743,3,0,1,0,-1,-1
outline221,1109.685,585.228,3,0.499996129,0.866027639,0,-1,-1
outline193,1113.31,581.98,3,0.866025408,0.499999993,0,-1,-1
outline12,91.926,592.731,3,-0.93969415,0.342015943,0,-1,-1
outline11,104.982,628.601,3,-0.93969415,0.342015943,0,-1,-1
flatness67,107.409,605.335,6.35,0,0,1,-1,-1
flatness10,157.409,605.335,6.35,0,0,1,-1,-1
flatness133,207.409,605.335,6.35,0,0,1,-1,-1
flatness92,257.409,605.335,6.35,0,0,1,-1,-1
flatness47,307.409,605.335,6.35,0,0,1,-1,-1
flatness94,357.409,605.335,6.35,0,0,1,-1,-1
flatness59,407.409,605.335,6.35,0,0,1,-1,-1
flatness63,457.409,605.335,6.35,0,0,1,-1,-1
flatness65,507.409,605.335,6.35,0,0,1,-1,-1
flatness132,557.409,605.335,6.35,0,0,1,-1,-1
flatness34,607.409,605.335,6.35,0,0,1,-1,-1
flatness48,657.409,605.335,6.35,0,0,1,-1,-1
flatness84,707.409,605.335,6.35,0,0,1,-1,-1
flatness82,757.409,605.335,6.35,0,0,1,-1,-1
flatness5,807.409,605.335,6.35,0,0,1,-1,-1
flatness110,857.409,605.335,6.35,0,0,1,-1,-1
flatness99,907.409,605.335,6.35,0,0,1,-1,-1
flatness8,957.409,605.335,6.35,0,0,1,-1,-1
outline191,995.624,618.176,3,0.866025408,0.499999993,0,-1,-1
outline192,1010.845,591.814,3,0.866025408,0.499999993,0,-1,-1
flatness112,157.409,655.335,6.35,0,0,1,-1,-1
flatness81,207.409,655.335,6.35,0,0,1,-1,-1
flatness43,257.409,655.335,6.35,0,0,1,-1,-1
flatness117,307.409,655.335,6.35,0,0,1,-1,-1
flatness49,357.409,655.335,6.35,0,0,1,-1,-1
flatness31,407.409,655.335,6.35,0,0,1,-1,-1
flatness12,457.409,655.335,6.35,0,0,1,-1,-1
flatness13,507.409,655.335,6.35,0,0,1,-1,-1
flatness16,557.409,655.335,6.35,0,0,1,-1,-1
flatness122,607.409,655.335,6.35,0,0,1,-1,-1
flatness53,657.409,655.335,6.35,0,0,1,-1,-1
flatness79,707.409,655.335,6.35,0,0,1,-1,-1
flatness38,757.409,655.335,6.35,0,0,1,-1,-1
flatness66,807.409,655.335,6.35,0,0,1,-1,-1
flatness60,857.409,655.335,6.35,0,0,1,-1,-1
flatness85,907.409,655.335,6.35,0,0,1,-1,-1
flatness51,957.409,655.335,6.35,0,0,1,-1,-1
outline190,982.116,641.574,3,0.866025408,0.499999993,0,-1,-1
outline10,119.968,669.776,3,-0.93969415,0.342015943,0,-1,-1
outline188,865.664,675.634,3,0.866025408,0.499999993,0,-1,-1
outline218,869.422,672,3,0.499996129,0.866027639,0,-1,-1
outline152,874.449,670.562,3,0,1,0,-1,-1
outline153,897.174,670.562,3,0,1,0,-1,-1
outline154,934.667,670.562,3,0,1,0,-1,-1
outline155,959.879,670.563,3,0,1,0,-1,-1
outline219,964.504,669.047,3,0.499996129,0.866027639,0,-1,-1
outline189,968.129,665.799,3,0.866025408,0.499999993,0,-1,-1
outline9,134.294,709.136,3,-0.93969415,0.342015943,0,-1,-1
flatness42,157.409,705.335,6.35,0,0,1,-1,-1
flatness35,207.409,705.335,6.35,0,0,1,-1,-1
flatness134,257.409,705.335,6.35,0,0,1,-1,-1
flatness1,307.409,705.335,6.35,0,0,1,-1,-1
flatness135,357.409,705.335,6.35,0,0,1,-1,-1
flatness109,407.409,705.335,6.35,0,0,1,-1,-1
flatness100,457.409,705.335,6.35,0,0,1,-1,-1
flatness103,507.409,705.335,6.35,0,0,1,-1,-1
flatness105,557.409,705.335,6.35,0,0,1,-1,-1
flatness73,607.409,705.335,6.35,0,0,1,-1,-1
flatness90,657.409,705.335,6.35,0,0,1,-1,-1
flatness77,707.409,705.335,6.35,0,0,1,-1,-1
flatness68,757.409,705.335,6.35,0,0,1,-1,-1
flatness15,807.409,705.335,6.35,0,0,1,-1,-1
outline187,856.144,692.122,3,0.866025408,0.499999993,0,-1,-1
6p5mmPinHole1,744.935,734.382,3,0,0,1,6.5,-1
outline186,837.598,724.246,3,0.866025408,0.499999993,0,-1,-1
outline8,148.3,747.618,3,-0.93969415,0.342015943,0,-1,-1
flatness22,157.409,755.335,6.35,0,0,1,-1,-1
flatness123,207.409,755.335,6.35,0,0,1,-1,-1
flatness126,257.409,755.335,6.35,0,0,1,-1,-1
flatness91,307.409,755.335,6.35,0,0,1,-1,-1
flatness83,357.409,755.335,6.35,0,0,1,-1,-1
flatness118,407.409,755.335,6.35,0,0,1,-1,-1
flatness55,457.409,755.335,6.35,0,0,1,-1,-1
flatness52,507.409,755.335,6.35,0,0,1,-1,-1
flatness98,557.409,755.335,6.35,0,0,1,-1,-1
flatness23,607.409,755.335,6.35,0,0,1,-1,-1
flatness33,657.409,755.335,6.35,0,0,1,-1,-1
flatness62,707.409,755.335,6.35,0,0,1,-1,-1
outline184,720.483,759.453,3,0.866025408,0.499999993,0,-1,-1
outline216,724.241,755.819,3,0.499996129,0.866027639,0,-1,-1
outline148,729.268,754.381,3,0,1,0,-1,-1
outline149,756.721,754.381,3,0,1,0,-1,-1
outline150,790.002,754.382,3,0,1,0,-1,-1
outline151,814.698,754.382,3,0,1,0,-1,-1
outline217,819.323,752.866,3,0.499996129,0.866027639,0,-1,-1
outline185,822.948,749.619,3,0.866025408,0.499999993,0,-1,-1
outline7,161.271,783.256,3,-0.93969415,0.342015943,0,-1,-1
flatness74,207.409,805.335,6.35,0,0,1,-1,-1
flatness40,257.409,805.335,6.35,0,0,1,-1,-1
flatness41,307.409,805.335,6.35,0,0,1,-1,-1
flatness36,357.409,805.335,6.35,0,0,1,-1,-1
flatness89,407.409,805.335,6.35,0,0,1,-1,-1
flatness3,457.409,805.335,6.35,0,0,1,-1,-1
flatness57,507.409,805.335,6.35,0,0,1,-1,-1
flatness37,557.409,805.335,6.35,0,0,1,-1,-1
flatness113,607.409,805.335,6.35,0,0,1,-1,-1
flatness88,657.409,805.335,6.35,0,0,1,-1,-1
outline182,691.499,809.654,3,0.866025408,0.499999993,0,-1,-1
outline183,705.219,785.891,3,0.866025408,0.499999993,0,-1,-1
outline6,174.209,818.803,3,-0.93969415,0.342015943,0,-1,-1
outline5,176.04,822.731,3,-0.866027639,0.499996129,0,-1,-1
outline4,190.719,848.156,3,-0.866027639,0.499996129,0,-1,-1
flatness24,207.409,855.335,6.35,0,0,1,-1,-1
flatness125,257.409,855.335,6.35,0,0,1,-1,-1
flatness129,307.409,855.335,6.35,0,0,1,-1,-1
flatness124,357.409,855.335,6.35,0,0,1,-1,-1
flatness39,407.409,855.335,6.35,0,0,1,-1,-1
flatness93,457.409,855.335,6.35,0,0,1,-1,-1
flatness6,507.409,855.335,6.35,0,0,1,-1,-1
outline180,575.302,843.272,3,0.866025408,0.499999993,0,-1,-1
outline214,579.06,839.638,3,0.499996129,0.866027639,0,-1,-1
outline144,584.087,838.2,3,0,1,0,-1,-1
outline145,611.212,838.201,3,0,1,0,-1,-1
outline146,644.124,838.201,3,0,1,0,-1,-1
outline147,669.517,838.201,3,0,1,0,-1,-1
outline215,674.142,836.686,3,0.499996129,0.866027639,0,-1,-1
outline181,677.767,833.438,3,0.866025408,0.499999993,0,-1,-1
outline3,206.803,876.014,3,-0.866027639,0.499996129,0,-1,-1
outline51,322.48,887.898,3,-0.341376898,0.939926494,0,-1,-1
outline179,560.081,869.635,3,0.866025408,0.499999993,0,-1,-1
outline2,221.93,902.216,3,-0.866027639,0.499996129,0,-1,-1
M3Hole2,230.061,901.299,3,0,0,1,2.5,-1
flatness78,257.409,905.335,6.35,0,0,1,-1,-1
outline249,291.575,900.426,3,0.499996129,0.866027639,0,-1,-1
outline50,350.985,896.886,3,-0.364426001,0.93123235,0,-1,-1
flatness128,407.409,905.335,6.35,0,0,1,-1,-1
flatness46,457.409,905.335,6.35,0,0,1,-1,-1
flatness130,507.409,905.335,6.35,0,0,1,-1,-1
M6Hole1,512.428,892.021,3,0,0,1,5,-1
outline178,545.389,895.083,3,0.866025408,0.499999993,0,-1,-1
6mmPinHole1,237.561,914.29,3,0,0,1,6,-1
outline1,237.566,929.298,3,-0.866027639,0.499996129,0,-1,-1
outline247,240.298,930.03,3,0.499996129,0.866027639,0,-1,-1
outline248,265.863,915.27,3,0.499996129,0.866027639,0,-1,-1
outline49,366.812,924.368,3,-0.36884505,0.929490898,0,-1,-1
outline137,369.081,926.35,3,0,1,0,-1,-1
outline138,398.238,926.35,3,0,1,0,-1,-1
outline139,427.395,926.35,3,0,1,0,-1,-1
outline212,433.88,923.458,3,0.499996129,0.866027639,0,-1,-1
outline140,438.906,922.02,3,0,1,0,-1,-1
outline141,463.106,922.02,3,0,1,0,-1,-1
outline142,496.018,922.02,3,0,1,0,-1,-1
outline143,524.337,922.021,3,0,1,0,-1,-1
outline213,528.962,920.505,3,0.499996129,0.866027639,0,-1,-1
outline177,532.587,917.258,3,0.866025408,0.499999993,0,-1,-1
CLSTgrnt1,-60,-60,0,0,0,1,-1,-1
CLSTPT1,0,55,3,0,-1,0,-1,-1
CLSTPT2,350.746,0,3,0,-1,0,-1,-1
CLSTPT3,1540,0,3,0,-1,0,-1,-1