outline48,124.1579369,2.000542427,3,-1,0,0,-1,-1
outline1,126.1579459,0.000551367,3,0,-1,0,-1,-1
6mmPinHole2,139.1579123,7.500622162,3,0,0,1,6,-1
M3Holes4,154.1579123,7.500689212,3,0,0,1,2.5,-1
outline2,160.1648127,0.000703378,3,0,-1,0,-1,-1
outline3,187.6844608,0.000826391,3,0,-1,0,-1,-1
flatness333,204.1579123,7.500676652,6.35,0,0,1,-1,-1
outline4,215.5897629,0.000951128,3,0,-1,0,-1,-1
outline5,249.2109758,0.001101416,3,0,-1,0,-1,-1
outline6,253.527886,0.378801561,3,0.17365258,-0.984806977,0,-1,-1
flatness312,254.1579123,7.500676652,6.35,0,0,1,-1,-1
outline7,299.1041051,8.415328727,3,0.17365258,-0.984806977,0,-1,-1
outline8,335.028443,14.74992434,3,0.17365258,-0.984806977,0,-1,-1
outline9,372.7713878,21.40519779,3,0.17365258,-0.984806977,0,-1,-1
outline10,409.9656888,27.96372803,3,0.17365258,-0.984806977,0,-1,-1
outline49,124.1577782,37.50054243,3,-1,0,0,-1,-1
outline11,447.0818783,34.50848472,3,0.17365258,-0.984806977,0,-1,-1
outline12,483.0553724,40.85174811,3,0.17365258,-0.984806977,0,-1,-1
outline13,521.5884008,47.64633827,3,0.17365258,-0.984806977,0,-1,-1
flatness273,154.1579123,57.50067665,6.35,0,0,1,-1,-1
flatness252,204.1579123,57.50067665,6.35,0,0,1,-1,-1
flatness231,254.1579123,57.50067665,6.35,0,0,1,-1,-1
flatness357,304.1579123,57.50067665,6.35,0,0,1,-1,-1
flatness334,354.1579123,57.50067665,6.35,0,0,1,-1,-1
flatness313,404.1579123,57.50067665,6.35,0,0,1,-1,-1
flatness293,454.1579123,57.50067665,6.35,0,0,1,-1,-1
flatness274,504.1579123,57.50067665,6.35,0,0,1,-1,-1
10mmPinHole2,553.5995357,63.4086911,3,0,0,1,10,-1
outline14,566.4034917,55.54865449,3,0.17365258,-0.984806977,0,-1,-1
outline15,569.4400031,60.31506967,3,0.965924669,0.258823363,0,-1,-1
outline22,604.3892295,65.75654518,3,0.342024344,-0.939691092,0,-1,-1
outline47,123.9157348,79.52814927,3,-0.841585921,-0.540123261,0,-1,-1
outline50,124.157636,69.31501222,3,-1,0,0,-1,-1
M3Holes2,561.9646656,70.82654808,3,0,0,1,2.5,-1
outline16,565.7936799,73.92308999,3,0.965924669,0.258823363,0,-1,-1
outline17,568.6220851,78.82208212,3,0.258823363,-0.965924669,0,-1,-1
outline18,578.5549247,81.48362604,3,0.258823363,-0.965924669,0,-1,-1
outline20,595.7373446,81.94661423,3,-0.965924669,-0.258823363,0,-1,-1
outline21,599.3763025,68.36608129,3,-0.965924669,-0.258823363,0,-1,-1
M3Holes1,600.6016524,81.17948259,3,0,0,1,2.5,-1
10mmPinHole1,611.5550159,78.93809287,3,0,0,1,10,-1
outline23,638.5137864,78.17704091,3,0.342024344,-0.939691092,0,-1,-1
outline46,120.2233625,92.85904173,3,-0.791415024,-0.611279199,0,-1,-1
outline19,590.8383525,84.77501946,3,0.258823363,-0.965924669,0,-1,-1
outline24,678.9183166,92.88329176,3,0.342024344,-0.939691092,0,-1,-1
outline95,55.46913907,110.7585625,3,-0.499996129,-0.866027639,0,-1,-1
outline43,58.95752054,110.7152929,3,-0.470025583,-0.882652792,0,-1,-1
outline44,90.6005904,116.5487954,3,-0.613736001,-0.789511318,0,-1,-1
outline45,109.4383339,107.1637076,3,-0.714493002,-0.699642588,0,-1,-1
flatness253,154.1579123,107.5006767,6.35,0,0,1,-1,-1
flatness232,204.1579123,107.5006767,6.35,0,0,1,-1,-1
flatness209,254.1579123,107.5006767,6.35,0,0,1,-1,-1
flatness335,304.1579123,107.5006767,6.35,0,0,1,-1,-1
flatness314,354.1579123,107.5006767,6.35,0,0,1,-1,-1
flatness294,404.1579123,107.5006767,6.35,0,0,1,-1,-1
flatness275,454.1579123,107.5006767,6.35,0,0,1,-1,-1
flatness254,504.1579123,107.5006767,6.35,0,0,1,-1,-1
flatness17,554.1579123,107.5006767,6.35,0,0,1,-1,-1
flatness7,604.1579123,107.5006767,6.35,0,0,1,-1,-1
flatness83,654.1579123,107.5006767,6.35,0,0,1,-1,-1
flatness70,704.1579123,107.5006767,6.35,0,0,1,-1,-1
outline25,715.5234816,106.2066675,3,0.342024344,-0.939691092,0,-1,-1
outline96,30.11636722,125.395841,3,-0.499996129,-0.866027639,0,-1,-1
M6Holes6,47.09126147,132.9159584,3,0,0,1,5,-1
outline26,753.50691,120.0316972,3,0.342024344,-0.939691092,0,-1,-1
outline27,787.5437239,132.4202566,3,0.342024344,-0.939691092,0,-1,-1
outline51,0,148.2838391,3,-1,0,0,-1,-1
outline221,1.515770043,143.6584755,3,-0.866023169,-0.500003871,0,-1,-1
outline97,4.763595364,140.0331196,3,-0.499996129,-0.866027639,0,-1,-1
outline28,825.1268856,146.099599,3,0.342024344,-0.939691092,0,-1,-1
flatness315,4.157912299,157.5006767,6.35,0,0,1,-1,-1
flatness210,54.1579123,157.5006767,6.35,0,0,1,-1,-1
flatness255,104.1579123,157.5006767,6.35,0,0,1,-1,-1
flatness295,154.1579123,157.5006767,6.35,0,0,1,-1,-1
flatness276,204.1579123,157.5006767,6.35,0,0,1,-1,-1
flatness233,254.1579123,157.5006767,6.35,0,0,1,-1,-1
flatness336,304.1579123,157.5006767,6.35,0,0,1,-1,-1
flatness296,354.1579123,157.5006767,6.35,0,0,1,-1,-1
flatness277,404.1579123,157.5006767,6.35,0,0,1,-1,-1
flatness256,454.1579123,157.5006767,6.35,0,0,1,-1,-1
flatness234,504.1579123,157.5006767,6.35,0,0,1,-1,-1
flatness8,554.1579123,157.5006767,6.35,0,0,1,-1,-1
flatness84,604.1579123,157.5006767,6.35,0,0,1,-1,-1
flatness71,654.1579123,157.5006767,6.35,0,0,1,-1,-1
flatness55,704.1579123,157.5006767,6.35,0,0,1,-1,-1
flatness41,754.1579123,157.5006767,6.35,0,0,1,-1,-1
flatness29,804.1579123,157.5006767,6.35,0,0,1,-1,-1
flatness18,854.1579123,157.5006767,6.35,0,0,1,-1,-1
outline29,859.4992427,158.6102879,3,0.342024344,-0.939691092,0,-1,-1
outline52,0,174.3622782,3,-1,0,0,-1,-1
outline30,902.6245906,174.3068491,3,0.342024344,-0.939691092,0,-1,-1
outline31,906.5519781,176.1382414,3,0.500003871,-0.866023169,0,-1,-1
outline53,0,202.5403111,3,-1,0,0,-1,-1
flatness235,4.157912299,207.5006767,6.35,0,0,1,-1,-1
flatness278,54.1579123,207.5006767,6.35,0,0,1,-1,-1
flatness316,104.1579123,207.5006767,6.35,0,0,1,-1,-1
flatness211,154.1579123,207.5006767,6.35,0,0,1,-1,-1
flatness337,204.1579123,207.5006767,6.35,0,0,1,-1,-1
flatness297,254.1579123,207.5006767,6.35,0,0,1,-1,-1
flatness257,304.1579123,207.5006767,6.35,0,0,1,-1,-1
flatness212,354.1579123,207.5006767,6.35,0,0,1,-1,-1
flatness338,404.1579123,207.5006767,6.35,0,0,1,-1,-1
flatness317,454.1579123,207.5006767,6.35,0,0,1,-1,-1
flatness298,504.1579123,207.5006767,6.35,0,0,1,-1,-1
flatness42,554.1579123,207.5006767,6.35,0,0,1,-1,-1
flatness30,604.1579123,207.5006767,6.35,0,0,1,-1,-1
flatness19,654.1579123,207.5006767,6.35,0,0,1,-1,-1
flatness9,704.1579123,207.5006767,6.35,0,0,1,-1,-1
flatness85,754.1579123,207.5006767,6.35,0,0,1,-1,-1
flatness72,804.1579123,207.5006767,6.35,0,0,1,-1,-1
flatness56,854.1579123,207.5006767,6.35,0,0,1,-1,-1
flatness43,904.1579123,207.5006767,6.35,0,0,1,-1,-1
outline32,935.4169668,192.8036224,3,0.500003871,-0.866023169,0,-1,-1
flatness31,954.1579123,207.5006767,6.35,0,0,1,-1,-1
outline33,959.8353656,206.9017371,3,0.500003871,-0.866023169,0,-1,-1
outline54,0,234.0701002,3,-1,0,0,-1,-1
outline231,1.515538128,238.6951163,3,-0.866027639,0.499996129,0,-1,-1
outline75,4.763118124,242.3201479,3,-0.500007742,0.866020934,0,-1,-1
M3Holes3,985.1200753,230.1603108,3,0,0,1,2.5,-1
outline34,987.1740922,222.6859212,3,0.500003871,-0.866023169,0,-1,-1
6mmPinHole1,998.1104228,237.6603689,3,0,0,1,6,-1
outline35,1013.118753,237.6652327,3,0.500003871,-0.866023169,0,-1,-1
outline76,30.32836594,257.0805554,3,-0.500007742,0.866020934,0,-1,-1
flatness299,54.1579123,257.5006767,6.35,0,0,1,-1,-1
outline77,56.03518264,271.9226993,3,-0.500007742,0.866020934,0,-1,-1
flatness339,104.1579123,257.5006767,6.35,0,0,1,-1,-1
flatness236,154.1579123,257.5006767,6.35,0,0,1,-1,-1
flatness213,204.1579123,257.5006767,6.35,0,0,1,-1,-1
flatness318,254.1579123,257.5006767,6.35,0,0,1,-1,-1
flatness279,304.1579123,257.5006767,6.35,0,0,1,-1,-1
flatness258,354.1579123,257.5006767,6.35,0,0,1,-1,-1
flatness237,404.1579123,257.5006767,6.35,0,0,1,-1,-1
flatness214,454.1579123,257.5006767,6.35,0,0,1,-1,-1
flatness340,504.1579123,257.5006767,6.35,0,0,1,-1,-1
flatness73,554.1579123,257.5006767,6.35,0,0,1,-1,-1
flatness57,604.1579123,257.5006767,6.35,0,0,1,-1,-1
flatness44,654.1579123,257.5006767,6.35,0,0,1,-1,-1
flatness32,704.1579123,257.5006767,6.35,0,0,1,-1,-1
flatness20,754.1579123,257.5006767,6.35,0,0,1,-1,-1
flatness10,804.1579123,257.5006767,6.35,0,0,1,-1,-1
flatness86,854.1579123,257.5006767,6.35,0,0,1,-1,-1
flatness74,904.1579123,257.5006767,6.35,0,0,1,-1,-1
flatness58,954.1579123,257.5006767,6.35,0,0,1,-1,-1
outline194,1000.282131,263.8986537,3,0.866023169,0.500003871,0,-1,-1
outline78,78.7490431,285.0368235,3,-0.500007742,0.866020934,0,-1,-1
outline230,82.38226554,288.7939208,3,-0.866027639,0.499996129,0,-1,-1
flatness238,104.1579123,307.5006767,6.35,0,0,1,-1,-1
flatness280,154.1579123,307.5006767,6.35,0,0,1,-1,-1
flatness259,204.1579123,307.5006767,6.35,0,0,1,-1,-1
flatness215,254.1579123,307.5006767,6.35,0,0,1,-1,-1
flatness341,304.1579123,307.5006767,6.35,0,0,1,-1,-1
flatness319,354.1579123,307.5006767,6.35,0,0,1,-1,-1
flatness300,404.1579123,307.5006767,6.35,0,0,1,-1,-1
flatness281,454.1579123,307.5006767,6.35,0,0,1,-1,-1
flatness260,504.1579123,307.5006767,6.35,0,0,1,-1,-1
flatness21,554.1579123,307.5006767,6.35,0,0,1,-1,-1
flatness11,604.1579123,307.5006767,6.35,0,0,1,-1,-1
flatness87,654.1579123,307.5006767,6.35,0,0,1,-1,-1
flatness75,704.1579123,307.5006767,6.35,0,0,1,-1,-1
flatness59,754.1579123,307.5006767,6.35,0,0,1,-1,-1
flatness45,804.1579123,307.5006767,6.35,0,0,1,-1,-1
flatness33,854.1579123,307.5006767,6.35,0,0,1,-1,-1
flatness22,904.1579123,307.5006767,6.35,0,0,1,-1,-1
flatness12,954.1579123,307.5006767,6.35,0,0,1,-1,-1
outline116,974.156555,311.1489961,3,1,0,0,-1,-1
outline192,975.1565717,307.4169498,3,0.866023169,0.500003871,0,-1,-1
outline193,986.2346327,288.2293834,3,0.866023169,0.500003871,0,-1,-1
flatness301,104.1579123,357.5006767,6.35,0,0,1,-1,-1
flatness342,154.1579123,357.5006767,6.35,0,0,1,-1,-1
flatness320,204.1579123,357.5006767,6.35,0,0,1,-1,-1
flatness282,254.1579123,357.5006767,6.35,0,0,1,-1,-1
flatness261,304.1579123,357.5006767,6.35,0,0,1,-1,-1
flatness239,354.1579123,357.5006767,6.35,0,0,1,-1,-1
flatness216,404.1579123,357.5006767,6.35,0,0,1,-1,-1
flatness343,454.1579123,357.5006767,6.35,0,0,1,-1,-1
flatness321,504.1579123,357.5006767,6.35,0,0,1,-1,-1
flatness60,554.1579123,357.5006767,6.35,0,0,1,-1,-1
flatness46,604.1579123,357.5006767,6.35,0,0,1,-1,-1
flatness34,654.1579123,357.5006767,6.35,0,0,1,-1,-1
flatness23,704.1579123,357.5006767,6.35,0,0,1,-1,-1
flatness13,754.1579123,357.5006767,6.35,0,0,1,-1,-1
flatness88,804.1579123,357.5006767,6.35,0,0,1,-1,-1
flatness76,854.1579123,357.5006767,6.35,0,0,1,-1,-1
M6Holes2,902.0194685,361.9966449,3,0,0,1,5,-1
flatness61,904.1579123,357.5006767,6.35,0,0,1,-1,-1
outline152,948.5876902,364.4158039,3,0.499996129,0.866027639,0,-1,-1
flatness47,954.1579123,357.5006767,6.35,0,0,1,-1,-1
outline151,972.4243277,350.6538569,3,0.499996129,0.866027639,0,-1,-1
outline114,974.1563919,347.6538646,3,1,0,0,-1,-1
outline115,974.1564735,329.4014304,3,1,0,0,-1,-1
outline99,56.76966599,400.3679587,3,-0.499996129,-0.866027639,0,-1,-1
outline98,78.74818787,387.6787842,3,-0.499996129,-0.866027639,0,-1,-1
outline220,82.38184731,383.9210451,3,-0.866023169,-0.500003871,0,-1,-1
outline155,894.8597727,400.4351517,3,0.499996129,0.866027639,0,-1,-1
outline154,917.2561762,387.5047156,3,0.499996129,0.866027639,0,-1,-1
outline195,920.5036076,383.8800419,3,0.866023169,0.500003871,0,-1,-1
outline153,924.7510527,378.1777509,3,0.499996129,0.866027639,0,-1,-1
outline100,32.01195416,414.6616827,3,-0.499996129,-0.866027639,0,-1,-1
flatness322,54.1579123,407.5006767,6.35,0,0,1,-1,-1
6p5mmPinHole2,62.76612058,419.9999035,3,0,0,1,6.5,-1
flatness217,104.1579123,407.5006767,6.35,0,0,1,-1,-1
flatness262,154.1579123,407.5006767,6.35,0,0,1,-1,-1
flatness240,204.1579123,407.5006767,6.35,0,0,1,-1,-1
flatness344,254.1579123,407.5006767,6.35,0,0,1,-1,-1
flatness302,304.1579123,407.5006767,6.35,0,0,1,-1,-1
flatness283,354.1579123,407.5006767,6.35,0,0,1,-1,-1
flatness263,404.1579123,407.5006767,6.35,0,0,1,-1,-1
flatness241,454.1579123,407.5006767,6.35,0,0,1,-1,-1
flatness218,504.1579123,407.5006767,6.35,0,0,1,-1,-1
flatness89,554.1579123,407.5006767,6.35,0,0,1,-1,-1
flatness77,604.1579123,407.5006767,6.35,0,0,1,-1,-1
flatness62,654.1579123,407.5006767,6.35,0,0,1,-1,-1
flatness48,704.1579123,407.5006767,6.35,0,0,1,-1,-1
flatness35,754.1579123,407.5006767,6.35,0,0,1,-1,-1
flatness24,804.1579123,407.5006767,6.35,0,0,1,-1,-1
flatness14,854.1579123,407.5006767,6.35,0,0,1,-1,-1
outline156,865.8548383,417.1809855,3,0.499996129,0.866027639,0,-1,-1
outline55,-0.000915241,438.6441427,3,-1,0,0,-1,-1
outline219,1.514672417,434.019126,3,-0.866023169,-0.500003871,0,-1,-1
outline101,4.762297457,430.394117,3,-0.499996129,-0.866027639,0,-1,-1
outline120,838.1987066,439.0042149,3,1,0,0,-1,-1
outline196,839.6364184,433.9781477,3,0.866023169,0.500003871,0,-1,-1
outline157,843.2702858,430.2200484,3,0.499996129,0.866027639,0,-1,-1
outline56,-0.001169878,467.1023781,3,-1,0,0,-1,-1
flatness219,4.157912299,457.5006767,6.35,0,0,1,-1,-1
flatness264,54.1579123,457.5006767,6.35,0,0,1,-1,-1
flatness303,104.1579123,457.5006767,6.35,0,0,1,-1,-1
flatness345,154.1579123,457.5006767,6.35,0,0,1,-1,-1
flatness323,204.1579123,457.5006767,6.35,0,0,1,-1,-1
flatness284,254.1579123,457.5006767,6.35,0,0,1,-1,-1
flatness242,304.1579123,457.5006767,6.35,0,0,1,-1,-1
flatness346,354.1579123,457.5006767,6.35,0,0,1,-1,-1
flatness324,404.1579123,457.5006767,6.35,0,0,1,-1,-1
flatness304,454.1579123,457.5006767,6.35,0,0,1,-1,-1
flatness285,504.1579123,457.5006767,6.35,0,0,1,-1,-1
flatness36,554.1579123,457.5006767,6.35,0,0,1,-1,-1
flatness25,604.1579123,457.5006767,6.35,0,0,1,-1,-1
flatness15,654.1579123,457.5006767,6.35,0,0,1,-1,-1
flatness90,704.1579123,457.5006767,6.35,0,0,1,-1,-1
flatness78,754.1579123,457.5006767,6.35,0,0,1,-1,-1
flatness63,804.1579123,457.5006767,6.35,0,0,1,-1,-1
outline119,838.1987066,466.1329148,3,1,0,0,-1,-1
outline57,-0.001443928,497.7302905,3,-1,0,0,-1,-1
flatness305,4.157912299,507.5006767,6.35,0,0,1,-1,-1
flatness347,54.1579123,507.5006767,6.35,0,0,1,-1,-1
flatness243,104.1579123,507.5006767,6.35,0,0,1,-1,-1
flatness286,154.1579123,507.5006767,6.35,0,0,1,-1,-1
flatness265,204.1579123,507.5006767,6.35,0,0,1,-1,-1
flatness220,254.1579123,507.5006767,6.35,0,0,1,-1,-1
flatness325,304.1579123,507.5006767,6.35,0,0,1,-1,-1
flatness287,354.1579123,507.5006767,6.35,0,0,1,-1,-1
flatness266,404.1579123,507.5006767,6.35,0,0,1,-1,-1
flatness244,454.1579123,507.5006767,6.35,0,0,1,-1,-1
flatness221,504.1579123,507.5006767,6.35,0,0,1,-1,-1
flatness91,554.1579123,507.5006767,6.35,0,0,1,-1,-1
flatness79,604.1579123,507.5006767,6.35,0,0,1,-1,-1
flatness64,654.1579123,507.5006767,6.35,0,0,1,-1,-1
flatness49,704.1579123,507.5006767,6.35,0,0,1,-1,-1
flatness37,754.1579123,507.5006767,6.35,0,0,1,-1,-1
flatness26,804.1579123,507.5006767,6.35,0,0,1,-1,-1
outline118,838.1987066,495.2165747,3,1,0,0,-1,-1
outline58,-0.001682834,524.4303998,3,-1,0,0,-1,-1
outline229,1.514240221,529.0561137,3,-0.866027639,0.499996129,0,-1,-1
outline79,4.762231987,532.6818275,3,-0.500007742,0.866020934,0,-1,-1
outline158,833.4355273,532.6848396,3,0.499996129,0.866027639,0,-1,-1
outline197,836.6831446,529.059844,3,0.866023169,0.500003871,0,-1,-1
outline117,838.1987066,524.4348406,3,1,0,0,-1,-1
outline80,32.23781298,548.5448613,3,-0.500007742,0.866020934,0,-1,-1
flatness288,54.1579123,557.5006767,6.35,0,0,1,-1,-1
outline81,57.6230614,563.2010411,3,-0.500007742,0.866020934,0,-1,-1
flatness326,104.1579123,557.5006767,6.35,0,0,1,-1,-1
flatness222,154.1579123,557.5006767,6.35,0,0,1,-1,-1
flatness348,204.1579123,557.5006767,6.35,0,0,1,-1,-1
flatness306,254.1579123,557.5006767,6.35,0,0,1,-1,-1
flatness267,304.1579123,557.5006767,6.35,0,0,1,-1,-1
flatness245,354.1579123,557.5006767,6.35,0,0,1,-1,-1
flatness223,404.1579123,557.5006767,6.35,0,0,1,-1,-1
flatness349,454.1579123,557.5006767,6.35,0,0,1,-1,-1
flatness327,504.1579123,557.5006767,6.35,0,0,1,-1,-1
flatness65,554.1579123,557.5006767,6.35,0,0,1,-1,-1
flatness50,604.1579123,557.5006767,6.35,0,0,1,-1,-1
flatness38,654.1579123,557.5006767,6.35,0,0,1,-1,-1
flatness27,704.1579123,557.5006767,6.35,0,0,1,-1,-1
flatness16,754.1579123,557.5006767,6.35,0,0,1,-1,-1
outline160,784.0128209,561.2187579,3,0.499996129,0.866027639,0,-1,-1
outline159,813.255369,544.3357391,3,0.499996129,0.866027639,0,-1,-1
outline82,78.74732337,575.3971392,3,-0.500007742,0.866020934,0,-1,-1
outline228,82.38096763,579.1549181,3,-0.866027639,0.499996129,0,-1,-1
outline124,754.3784372,584.1836328,3,1,0,0,-1,-1
outline198,755.8159681,579.1579276,3,0.866023169,0.500003871,0,-1,-1
outline161,759.4496368,575.4001724,3,0.499996129,0.866027639,0,-1,-1
flatness307,104.1579123,607.5006767,6.35,0,0,1,-1,-1
flatness311,154.1579123,607.5006767,6.35,0,0,1,-1,-1
flatness328,204.1579123,607.5006767,6.35,0,0,1,-1,-1
flatness289,254.1579123,607.5006767,6.35,0,0,1,-1,-1
flatness268,304.1579123,607.5006767,6.35,0,0,1,-1,-1
flatness246,354.1579123,607.5006767,6.35,0,0,1,-1,-1
flatness224,404.1579123,607.5006767,6.35,0,0,1,-1,-1
flatness350,454.1579123,607.5006767,6.35,0,0,1,-1,-1
flatness329,504.1579123,607.5006767,6.35,0,0,1,-1,-1
flatness66,554.1579123,607.5006767,6.35,0,0,1,-1,-1
flatness51,604.1579123,607.5006767,6.35,0,0,1,-1,-1
flatness39,654.1579123,607.5006767,6.35,0,0,1,-1,-1
flatness28,704.1579123,607.5006767,6.35,0,0,1,-1,-1
6p5mmPinHole1,734.3785361,599.9611255,3,0,0,1,6.5,-1
outline123,754.3782013,610.5428854,3,1,0,0,-1,-1
flatness330,104.1579123,657.5006767,6.35,0,0,1,-1,-1
flatness225,154.1579123,657.5006767,6.35,0,0,1,-1,-1
flatness351,204.1579123,657.5006767,6.35,0,0,1,-1,-1
flatness308,254.1579123,657.5006767,6.35,0,0,1,-1,-1
flatness290,304.1579123,657.5006767,6.35,0,0,1,-1,-1
flatness269,354.1579123,657.5006767,6.35,0,0,1,-1,-1
flatness247,404.1579123,657.5006767,6.35,0,0,1,-1,-1
flatness226,454.1579123,657.5006767,6.35,0,0,1,-1,-1
flatness352,504.1579123,657.5006767,6.35,0,0,1,-1,-1
flatness80,554.1579123,657.5006767,6.35,0,0,1,-1,-1
flatness67,604.1579123,657.5006767,6.35,0,0,1,-1,-1
flatness52,654.1579123,657.5006767,6.35,0,0,1,-1,-1
flatness40,704.1579123,657.5006767,6.35,0,0,1,-1,-1
outline122,754.3779381,639.9557942,3,1,0,0,-1,-1
outline103,52.70495311,693.0749456,3,-0.499996129,-0.866027639,0,-1,-1
outline102,78.74688996,678.0397816,3,-0.499996129,-0.866027639,0,-1,-1
outline218,82.38034957,674.2823886,3,-0.866023169,-0.500003871,0,-1,-1
outline163,723.6811385,692.8376607,3,0.499996129,0.866027639,0,-1,-1
outline162,749.6148783,677.8649636,3,0.499996129,0.866027639,0,-1,-1
outline199,752.8622942,674.2403169,3,0.866023169,0.500003871,0,-1,-1
outline121,754.3776727,669.6156624,3,1,0,0,-1,-1
outline104,24.16039935,709.5549813,3,-0.499996129,-0.866027639,0,-1,-1
flatness309,54.1579123,707.5006767,6.35,0,0,1,-1,-1
flatness353,104.1579123,707.5006767,6.35,0,0,1,-1,-1
flatness248,154.1579123,707.5006767,6.35,0,0,1,-1,-1
flatness227,204.1579123,707.5006767,6.35,0,0,1,-1,-1
flatness331,254.1579123,707.5006767,6.35,0,0,1,-1,-1
flatness291,304.1579123,707.5006767,6.35,0,0,1,-1,-1
flatness270,354.1579123,707.5006767,6.35,0,0,1,-1,-1
flatness249,404.1579123,707.5006767,6.35,0,0,1,-1,-1
flatness228,454.1579123,707.5006767,6.35,0,0,1,-1,-1
flatness354,504.1579123,707.5006767,6.35,0,0,1,-1,-1
flatness81,554.1579123,707.5006767,6.35,0,0,1,-1,-1
flatness68,604.1579123,707.5006767,6.35,0,0,1,-1,-1
flatness53,654.1579123,707.5006767,6.35,0,0,1,-1,-1
outline164,699.9205523,706.5557,3,0.499996129,0.866027639,0,-1,-1
outline59,-0.002598083,729.0058378,3,-1,0,0,-1,-1
outline217,1.513173095,724.3804722,3,-0.866023169,-0.500003871,0,-1,-1
outline105,4.76099955,720.7551144,3,-0.499996129,-0.866027639,0,-1,-1
outline128,670.5574064,729.3644669,3,1,0,0,-1,-1
outline200,671.9951193,724.3383977,3,0.866023169,0.500003871,0,-1,-1
outline165,675.6289879,720.5802964,3,0.499996129,0.866027639,0,-1,-1
flatness292,4.157912299,757.5006767,6.35,0,0,1,-1,-1
flatness332,54.1579123,757.5006767,6.35,0,0,1,-1,-1
flatness229,104.1579123,757.5006767,6.35,0,0,1,-1,-1
flatness271,154.1579123,757.5006767,6.35,0,0,1,-1,-1
flatness250,204.1579123,757.5006767,6.35,0,0,1,-1,-1
flatness355,254.1579123,757.5006767,6.35,0,0,1,-1,-1
flatness310,304.1579123,757.5006767,6.35,0,0,1,-1,-1
flatness272,354.1579123,757.5006767,6.35,0,0,1,-1,-1
flatness251,404.1579123,757.5006767,6.35,0,0,1,-1,-1
flatness230,454.1579123,757.5006767,6.35,0,0,1,-1,-1
flatness356,504.1579123,757.5006767,6.35,0,0,1,-1,-1
flatness82,554.1579123,757.5006767,6.35,0,0,1,-1,-1
flatness69,604.1579123,757.5006767,6.35,0,0,1,-1,-1
flatness54,654.1579123,757.5006767,6.35,0,0,1,-1,-1
outline127,670.5574064,752.5743826,3,1,0,0,-1,-1
outline60,-0.002598083,758.8877772,3,-1,0,0,-1,-1
outline61,-0.002598083,789.0957019,3,-1,0,0,-1,-1
flatness144,4.157912299,807.5006767,6.35,0,0,1,-1,-1
flatness175,54.1579123,807.5006767,6.35,0,0,1,-1,-1
flatness92,104.1579123,807.5006767,6.35,0,0,1,-1,-1
flatness125,154.1579123,807.5006767,6.35,0,0,1,-1,-1
flatness109,204.1579123,807.5006767,6.35,0,0,1,-1,-1
flatness191,254.1579123,807.5006767,6.35,0,0,1,-1,-1
flatness161,304.1579123,807.5006767,6.35,0,0,1,-1,-1
flatness126,354.1579123,807.5006767,6.35,0,0,1,-1,-1
flatness110,404.1579123,807.5006767,6.35,0,0,1,-1,-1
flatness93,454.1579123,807.5006767,6.35,0,0,1,-1,-1
flatness192,504.1579123,807.5006767,6.35,0,0,1,-1,-1
flatness6,554.1579123,807.5006767,6.35,0,0,1,-1,-1
flatness4,604.1579123,807.5006767,6.35,0,0,1,-1,-1
flatness3,654.1579123,807.5006767,6.35,0,0,1,-1,-1
outline126,670.5574064,784.1274098,3,1,0,0,-1,-1
outline62,-0.002598083,814.792091,3,-1,0,0,-1,-1
outline227,1.512942313,819.4171111,3,-0.866027639,0.499996129,0,-1,-1
outline83,4.760524577,823.0421466,3,-0.500007742,0.866020934,0,-1,-1
M6Holes3,29.99749024,818.7599117,3,0,0,1,5,-1
outline84,30.37409267,837.8304524,3,-0.500007742,0.866020934,0,-1,-1
outline167,640.5404661,837.6252041,3,0.499996129,0.866027639,0,-1,-1
outline166,665.7942294,823.0450876,3,0.499996129,0.866027639,0,-1,-1
outline201,669.0418455,819.420094,3,0.866023169,0.500003871,0,-1,-1
outline125,670.5574064,814.7950926,3,1,0,0,-1,-1
outline85,56.16050674,852.7185528,3,-0.500007742,0.866020934,0,-1,-1
outline86,78.74644955,865.7588222,3,-0.500007742,0.866020934,0,-1,-1
flatness94,104.1579123,857.5006767,6.35,0,0,1,-1,-1
flatness127,154.1579123,857.5006767,6.35,0,0,1,-1,-1
flatness111,204.1579123,857.5006767,6.35,0,0,1,-1,-1
flatness193,254.1579123,857.5006767,6.35,0,0,1,-1,-1
flatness176,304.1579123,857.5006767,6.35,0,0,1,-1,-1
flatness162,354.1579123,857.5006767,6.35,0,0,1,-1,-1
flatness145,404.1579123,857.5006767,6.35,0,0,1,-1,-1
flatness128,454.1579123,857.5006767,6.35,0,0,1,-1,-1
flatness112,504.1579123,857.5006767,6.35,0,0,1,-1,-1
flatness1,554.1579123,857.5006767,6.35,0,0,1,-1,-1
outline169,591.8083389,865.7604204,3,0.499996129,0.866027639,0,-1,-1
outline168,616.0797715,851.747447,3,0.499996129,0.866027639,0,-1,-1
outline226,82.37966973,869.5159155,3,-0.866027639,0.499996129,0,-1,-1
outline132,586.737137,874.5438847,3,1,0,0,-1,-1
outline202,588.1746691,869.5181776,3,0.866023169,0.500003871,0,-1,-1
flatness163,104.1579123,907.5006767,6.35,0,0,1,-1,-1
flatness194,154.1579123,907.5006767,6.35,0,0,1,-1,-1
flatness177,204.1579123,907.5006767,6.35,0,0,1,-1,-1
flatness146,254.1579123,907.5006767,6.35,0,0,1,-1,-1
flatness129,304.1579123,907.5006767,6.35,0,0,1,-1,-1
flatness113,354.1579123,907.5006767,6.35,0,0,1,-1,-1
flatness95,404.1579123,907.5006767,6.35,0,0,1,-1,-1
flatness195,454.1579123,907.5006767,6.35,0,0,1,-1,-1
flatness178,504.1579123,907.5006767,6.35,0,0,1,-1,-1
flatness5,554.1579123,907.5006767,6.35,0,0,1,-1,-1
outline131,586.7368842,902.7942233,3,1,0,0,-1,-1
outline130,586.7366387,930.2316444,3,1,0,0,-1,-1
outline106,78.74559205,968.4007789,3,-0.499996129,-0.866027639,0,-1,-1
outline215,82.37925036,964.6430419,3,-0.866023169,-0.500003871,0,-1,-1
flatness114,104.1579123,957.5006767,6.35,0,0,1,-1,-1
flatness147,154.1579123,957.5006767,6.35,0,0,1,-1,-1
flatness130,204.1579123,957.5006767,6.35,0,0,1,-1,-1
flatness96,254.1579123,957.5006767,6.35,0,0,1,-1,-1
flatness196,304.1579123,957.5006767,6.35,0,0,1,-1,-1
flatness179,354.1579123,957.5006767,6.35,0,0,1,-1,-1
flatness164,404.1579123,957.5006767,6.35,0,0,1,-1,-1
flatness148,454.1579123,957.5006767,6.35,0,0,1,-1,-1
flatness131,504.1579123,957.5006767,6.35,0,0,1,-1,-1
flatness2,554.1579123,957.5006767,6.35,0,0,1,-1,-1
M6Holes1,556.4999329,959.8383384,3,0,0,1,5,-1
outline170,581.9735804,968.2252117,3,0.499996129,0.866027639,0,-1,-1
outline203,585.2209952,964.6005669,3,0.866023169,0.500003871,0,-1,-1
outline129,586.7363726,959.9759143,3,1,0,0,-1,-1
outline108,27.13420547,998.1983193,3,-0.499996129,-0.866027639,0,-1,-1
outline107,58.4438946,980.1218484,3,-0.499996129,-0.866027639,0,-1,-1
outline172,532.9017225,996.5565696,3,0.499996129,0.866027639,0,-1,-1
outline171,553.7612378,984.5134471,3,0.499996129,0.866027639,0,-1,-1
outline63,-0.003513324,1019.366141,3,-1,0,0,-1,-1
outline216,1.512075468,1014.741123,3,-0.866023169,-0.500003871,0,-1,-1
outline109,4.759701642,1011.116112,3,-0.499996129,-0.866027639,0,-1,-1
flatness149,54.1579123,1007.500677,6.35,0,0,1,-1,-1
flatness180,104.1579123,1007.500677,6.35,0,0,1,-1,-1
flatness97,154.1579123,1007.500677,6.35,0,0,1,-1,-1
flatness197,204.1579123,1007.500677,6.35,0,0,1,-1,-1
flatness165,254.1579123,1007.500677,6.35,0,0,1,-1,-1
flatness132,304.1579123,1007.500677,6.35,0,0,1,-1,-1
flatness115,354.1579123,1007.500677,6.35,0,0,1,-1,-1
flatness98,404.1579123,1007.500677,6.35,0,0,1,-1,-1
flatness198,454.1579123,1007.500677,6.35,0,0,1,-1,-1
outline136,502.9161063,1019.724719,3,1,0,0,-1,-1
outline204,504.3538203,1014.698648,3,0.866023169,0.500003871,0,-1,-1
outline173,507.98769,1010.940544,3,0.499996129,0.866027639,0,-1,-1
outline64,0,1041.792003,3,-1,0,0,-1,-1
flatness199,4.157912299,1057.500677,6.35,0,0,1,-1,-1
flatness116,54.1579123,1057.500677,6.35,0,0,1,-1,-1
flatness150,104.1579123,1057.500677,6.35,0,0,1,-1,-1
flatness181,154.1579123,1057.500677,6.35,0,0,1,-1,-1
flatness166,204.1579123,1057.500677,6.35,0,0,1,-1,-1
flatness133,254.1579123,1057.500677,6.35,0,0,1,-1,-1
flatness99,304.1579123,1057.500677,6.35,0,0,1,-1,-1
flatness182,354.1579123,1057.500677,6.35,0,0,1,-1,-1
flatness167,404.1579123,1057.500677,6.35,0,0,1,-1,-1
flatness151,454.1579123,1057.500677,6.35,0,0,1,-1,-1
outline135,502.9161063,1046.69061,3,1,0,0,-1,-1
outline65,0,1079.106888,3,-1,0,0,-1,-1
outline134,502.9161063,1074.128025,3,1,0,0,-1,-1
outline66,-0.004280917,1105.152391,3,-1,0,0,-1,-1
outline225,1.511644406,1109.778108,3,-0.866027639,0.499996129,0,-1,-1
flatness152,4.157912299,1107.500677,6.35,0,0,1,-1,-1
outline87,4.75963844,1113.403826,3,-0.500007742,0.866020934,0,-1,-1
flatness183,54.1579123,1107.500677,6.35,0,0,1,-1,-1
flatness100,104.1579123,1107.500677,6.35,0,0,1,-1,-1
flatness134,154.1579123,1107.500677,6.35,0,0,1,-1,-1
flatness117,204.1579123,1107.500677,6.35,0,0,1,-1,-1
flatness200,254.1579123,1107.500677,6.35,0,0,1,-1,-1
flatness143,304.1579123,1107.500677,6.35,0,0,1,-1,-1
flatness135,354.1579123,1107.500677,6.35,0,0,1,-1,-1
flatness118,404.1579123,1107.500677,6.35,0,0,1,-1,-1
flatness101,454.1579123,1107.500677,6.35,0,0,1,-1,-1
outline174,498.1529314,1113.405336,3,0.499996129,0.866027639,0,-1,-1
outline205,501.4005465,1109.780344,3,0.866023169,0.500003871,0,-1,-1
outline133,502.9161063,1105.155345,3,1,0,0,-1,-1
outline88,28.969399,1127.381338,3,-0.500007742,0.866020934,0,-1,-1
outline89,55.26350225,1142.562245,3,-0.500007742,0.866020934,0,-1,-1
outline176,444.8666661,1144.169858,3,0.499996129,0.866027639,0,-1,-1
outline175,475.8657531,1126.272711,3,0.499996129,0.866027639,0,-1,-1
outline90,78.74472982,1156.119138,3,-0.500007742,0.866020934,0,-1,-1
outline224,82.37837182,1159.876913,3,-0.866027639,0.499996129,0,-1,-1
flatness168,104.1579123,1157.500677,6.35,0,0,1,-1,-1
flatness201,154.1579123,1157.500677,6.35,0,0,1,-1,-1
flatness184,204.1579123,1157.500677,6.35,0,0,1,-1,-1
flatness153,254.1579123,1157.500677,6.35,0,0,1,-1,-1
flatness136,304.1579123,1157.500677,6.35,0,0,1,-1,-1
flatness119,354.1579123,1157.500677,6.35,0,0,1,-1,-1
flatness102,404.1579123,1157.500677,6.35,0,0,1,-1,-1
outline140,419.0958368,1164.904137,3,1,0,0,-1,-1
outline206,420.53337,1159.878428,3,0.866023169,0.500003871,0,-1,-1
outline177,424.167041,1156.120668,3,0.499996129,0.866027639,0,-1,-1
flatness169,104.1579123,1207.500677,6.35,0,0,1,-1,-1
flatness202,154.1579123,1207.500677,6.35,0,0,1,-1,-1
flatness185,204.1579123,1207.500677,6.35,0,0,1,-1,-1
flatness154,254.1579123,1207.500677,6.35,0,0,1,-1,-1
flatness137,304.1579123,1207.500677,6.35,0,0,1,-1,-1
flatness120,354.1579123,1207.500677,6.35,0,0,1,-1,-1
flatness103,404.1579123,1207.500677,6.35,0,0,1,-1,-1
outline138,419.0953278,1221.794881,3,1,0,0,-1,-1
outline139,419.0955884,1192.661956,3,1,0,0,-1,-1
outline110,78.74429415,1258.761776,3,-0.499996129,-0.866027639,0,-1,-1
outline213,82.37775262,1255.004385,3,-0.866023169,-0.500003871,0,-1,-1
flatness170,104.1579123,1257.500677,6.35,0,0,1,-1,-1
flatness203,154.1579123,1257.500677,6.35,0,0,1,-1,-1
flatness186,204.1579123,1257.500677,6.35,0,0,1,-1,-1
flatness155,254.1579123,1257.500677,6.35,0,0,1,-1,-1
flatness138,304.1579123,1257.500677,6.35,0,0,1,-1,-1
flatness121,354.1579123,1257.500677,6.35,0,0,1,-1,-1
flatness104,404.1579123,1257.500677,6.35,0,0,1,-1,-1
outline178,414.3322825,1258.58546,3,0.499996129,0.866027639,0,-1,-1
outline207,417.5796961,1254.960817,3,0.866023169,0.500003871,0,-1,-1
outline137,419.0950724,1250.336166,3,1,0,0,-1,-1
outline112,27.78380862,1288.183523,3,-0.499996129,-0.866027639,0,-1,-1
outline111,53.60225112,1273.04414,3,-0.499996129,-0.866027639,0,-1,-1
outline180,364.1295664,1287.569712,3,0.499996129,0.866027639,0,-1,-1
outline179,393.147503,1270.816372,3,0.499996129,0.866027639,0,-1,-1
outline67,-0.005196166,1309.727836,3,-1,0,0,-1,-1
outline214,1.510576146,1305.102469,3,-0.866023169,-0.500003871,0,-1,-1
flatness105,4.157912299,1307.500677,6.35,0,0,1,-1,-1
outline113,4.758403735,1301.477109,3,-0.499996129,-0.866027639,0,-1,-1
M6Holes5,24.99493047,1320.497086,3,0,0,1,5,-1
flatness139,54.1579123,1307.500677,6.35,0,0,1,-1,-1
flatness171,104.1579123,1307.500677,6.35,0,0,1,-1,-1
flatness204,154.1579123,1307.500677,6.35,0,0,1,-1,-1
flatness190,204.1579123,1307.500677,6.35,0,0,1,-1,-1
flatness156,254.1579123,1307.500677,6.35,0,0,1,-1,-1
flatness122,304.1579123,1307.500677,6.35,0,0,1,-1,-1
outline144,335.2748061,1310.084971,3,1,0,0,-1,-1
outline208,336.7125212,1305.058898,3,0.866023169,0.500003871,0,-1,-1
outline181,340.3463921,1301.300792,3,0.499996129,0.866027639,0,-1,-1
outline68,0,1338.383337,3,-1,0,0,-1,-1
outline143,335.2748061,1339.614333,3,1,0,0,-1,-1
flatness106,4.157912299,1357.500677,6.35,0,0,1,-1,-1
flatness140,54.1579123,1357.500677,6.35,0,0,1,-1,-1
flatness172,104.1579123,1357.500677,6.35,0,0,1,-1,-1
flatness205,154.1579123,1357.500677,6.35,0,0,1,-1,-1
flatness187,204.1579123,1357.500677,6.35,0,0,1,-1,-1
flatness157,254.1579123,1357.500677,6.35,0,0,1,-1,-1
flatness160,304.1579123,1357.500677,6.35,0,0,1,-1,-1
outline69,0,1371.822686,3,-1,0,0,-1,-1
outline142,335.2748061,1369.712582,3,1,0,0,-1,-1
outline70,-0.005196166,1395.514082,3,-1,0,0,-1,-1
outline223,1.510346499,1400.139106,3,-0.866027639,0.499996129,0,-1,-1
outline91,4.757931031,1403.764145,3,-0.500007742,0.866020934,0,-1,-1
flatness141,54.1579123,1407.500677,6.35,0,0,1,-1,-1
flatness173,104.1579123,1407.500677,6.35,0,0,1,-1,-1
flatness206,154.1579123,1407.500677,6.35,0,0,1,-1,-1
flatness188,204.1579123,1407.500677,6.35,0,0,1,-1,-1
flatness158,254.1579123,1407.500677,6.35,0,0,1,-1,-1
flatness123,304.1579123,1407.500677,6.35,0,0,1,-1,-1
M6Holes4,304.8530858,1395.485462,3,0,0,1,5,-1
outline184,330.5116335,1403.765584,3,0.499996129,0.866027639,0,-1,-1
outline209,333.7592475,1400.140594,3,0.866023169,0.500003871,0,-1,-1
outline141,335.2748061,1395.515597,3,1,0,0,-1,-1
outline92,26.79154254,1416.485519,3,-0.500007742,0.866020934,0,-1,-1
outline93,51.92568334,1430.997022,3,-0.500007742,0.866020934,0,-1,-1
outline150,251.454793,1426.607418,3,1,0,0,-1,-1
outline42,255.7609234,1412.98696,3,0.17811298,0.984010044,0,-1,-1
outline41,264.4769968,1413.782457,3,0.183880685,0.982948571,0,-1,-1
outline183,301.3991921,1420.573486,3,0.499996129,0.866027639,0,-1,-1
outline94,78.74385601,1446.480821,3,-0.500007742,0.866020934,0,-1,-1
outline222,82.37707391,1450.23791,3,-0.866027639,0.499996129,0,-1,-1
outline71,83.81415488,1455.262927,3,-1,0,0,-1,-1
flatness189,104.1579123,1457.500677,6.35,0,0,1,-1,-1
flatness107,154.1579123,1457.500677,6.35,0,0,1,-1,-1
flatness207,204.1579123,1457.500677,6.35,0,0,1,-1,-1
outline148,251.4544747,1462.185258,3,1,0,0,-1,-1
outline149,251.4546736,1439.952971,3,1,0,0,-1,-1
outline182,272.2867507,1437.381388,3,0.499996129,0.866027639,0,-1,-1
outline72,83.81415488,1483.449242,3,-1,0,0,-1,-1
outline147,251.4542292,1489.622667,3,1,0,0,-1,-1
outline73,83.81415488,1513.592651,3,-1,0,0,-1,-1
flatness142,104.1579123,1507.500677,6.35,0,0,1,-1,-1
flatness174,154.1579123,1507.500677,6.35,0,0,1,-1,-1
flatness159,204.1579123,1507.500677,6.35,0,0,1,-1,-1
outline146,251.4540144,1513.630417,3,1,0,0,-1,-1
outline191,79.51968237,1551.864415,3,-0.999936692,0.011252189,0,-1,-1
outline212,82.37665341,1545.365039,3,-0.866023169,-0.500003871,0,-1,-1
outline74,83.81415488,1540.339336,3,-1,0,0,-1,-1
flatness208,104.1579123,1557.500677,6.35,0,0,1,-1,-1
flatness124,154.1579123,1557.500677,6.35,0,0,1,-1,-1
flatness108,204.1579123,1557.500677,6.35,0,0,1,-1,-1
outline188,246.6909846,1548.945708,3,0.499996129,0.866027639,0,-1,-1
outline210,249.9383971,1545.321067,3,0.866023169,0.500003871,0,-1,-1
outline145,251.4537722,1540.696418,3,1,0,0,-1,-1
outline190,79.7216528,1569.812714,3,-0.999936692,0.011252189,0,-1,-1
outline186,195.0733872,1578.746834,3,0.499996129,0.866027639,0,-1,-1
outline187,220.9395876,1563.81313,3,0.499996129,0.866027639,0,-1,-1
outline189,79.88606179,1584.423078,3,-0.999936692,0.011252189,0,-1,-1
outline40,83.90696089,1588.407601,3,0.05275103,0.998607695,0,-1,-1
outline39,101.3564046,1588.953078,3,0.063658787,0.997971722,0,-1,-1
outline38,121.84255,1590.705261,3,0.076372846,0.997079329,0,-1,-1
outline37,143.2453826,1593.837848,3,0.089513709,0.99598559,0,-1,-1
outline36,163.6735398,1598.101859,3,0.101884508,0.994796234,0,-1,-1
outline211,168.9372584,1595.651177,3,0.866023169,0.500003871,0,-1,-1
outline185,172.7050942,1591.661041,3,0.499996129,0.866027639,0,-1,-1